{
  "weights": {
    "categoryWeights": {
      "Dresses": {
        "priceDiff": -324.29674303558033,
        "unitsDiff": 7.2794737079046
      },
      "Sweaters": {
        "priceDiff": -429.7059577977387,
        "unitsDiff": -6.6877409519867825
      },
      "Accessories": {
        "priceDiff": 2126.961524303389,
        "unitsDiff": -15.56727461876055
      },
      "Shoes": {
        "priceDiff": -138.7614662664306,
        "unitsDiff": 0.2800518831096639
      },
      "Jeans": {
        "priceDiff": -595.921743287448,
        "unitsDiff": 3.681791873619318
      },
      "Shirts": {
        "priceDiff": -588.682063100151,
        "unitsDiff": 6.354139057912349
      },
      "Jackets": {
        "priceDiff": 605.240670019953,
        "unitsDiff": 2.2540815257258657
      },
      "Activewear": {
        "priceDiff": -650.1266169043579,
        "unitsDiff": 2.303435305408442
      }
    },
    "subcategoryWeights": {
      "Maxi Dresses": {
        "priceDiff": -614.1617561855463,
        "unitsDiff": 6.4459969058039945
      },
      "V-Neck Sweaters": {
        "priceDiff": -466.7039596140229,
        "unitsDiff": -8.90509489585753
      },
      "Hats": {
        "priceDiff": -620.8015246761407,
        "unitsDiff": 9.036365651573291
      },
      "Oversized Sweaters": {
        "priceDiff": -581.6376803760688,
        "unitsDiff": -2.1827420665709383
      },
      "Sneakers": {
        "priceDiff": -574.2818957460689,
        "unitsDiff": 11.467172868651488
      },
      "Flats": {
        "priceDiff": -535.3691119149365,
        "unitsDiff": 14.479675447833074
      },
      "Relaxed Fit Jeans": {
        "priceDiff": -607.552823958702,
        "unitsDiff": -10.042969002881847
      },
      "Formal Shoes": {
        "priceDiff": 714.0579730929234,
        "unitsDiff": -32.77882641120305
      },
      "Boots": {
        "priceDiff": -354.9811750524017,
        "unitsDiff": 7.316198024983947
      },
      "Mini Dresses": {
        "priceDiff": -641.8407132944365,
        "unitsDiff": 16.589458809516216
      },
      "Formal Shirts": {
        "priceDiff": -515.5890344186377,
        "unitsDiff": -14.43490890890481
      },
      "Handbags": {
        "priceDiff": 3572.0365137301214,
        "unitsDiff": -16.283822597598032
      },
      "Trench Coats": {
        "priceDiff": 1354.0671163829606,
        "unitsDiff": 5.373809096021731
      },
      "Watches": {
        "priceDiff": 10442.15976037629,
        "unitsDiff": -21.473802086256462
      },
      "Belts": {
        "priceDiff": -3.117025126033809,
        "unitsDiff": -17.925536477053654
      },
      "Straight Jeans": {
        "priceDiff": -540.5302848222645,
        "unitsDiff": -5.0829241939020875
      },
      "Skinny Jeans": {
        "priceDiff": -592.9245596758205,
        "unitsDiff": 5.220749183693798
      },
      "Track Pants": {
        "priceDiff": -648.3173511783907,
        "unitsDiff": 0.245311552212911
      },
      "Puffer Jackets": {
        "priceDiff": -473.56513396423907,
        "unitsDiff": 19.447446781167855
      },
      "Party Dresses": {
        "priceDiff": -664.4651006220096,
        "unitsDiff": 13.7601057922286
      },
      "Compression Shirts": {
        "priceDiff": -660.1488449170638,
        "unitsDiff": 1.4339398386759257
      },
      "Evening Dresses": {
        "priceDiff": 2389.744704383995,
        "unitsDiff": -27.409627455265237
      },
      "Cardigans": {
        "priceDiff": -109.2575977374155,
        "unitsDiff": -15.861692228064612
      },
      "High-Waisted Jeans": {
        "priceDiff": -610.3472219380322,
        "unitsDiff": 13.589968796289142
      },
      "Bomber Jackets": {
        "priceDiff": -537.3944772863621,
        "unitsDiff": 8.441378041546827
      },
      "Sandals": {
        "priceDiff": -557.2739165632341,
        "unitsDiff": 14.928352079071232
      },
      "Casual Dresses": {
        "priceDiff": -624.1276971679796,
        "unitsDiff": 12.63352714737347
      },
      "Turtlenecks": {
        "priceDiff": -500.1047676495858,
        "unitsDiff": -0.3662690212765938
      },
      "Denim Jackets": {
        "priceDiff": -586.6864944826317,
        "unitsDiff": 12.537541434465055
      },
      "Cocktail Dresses": {
        "priceDiff": -454.9134488247193,
        "unitsDiff": -3.7677002518588836
      },
      "Leather Jackets": {
        "priceDiff": 2548.3771589187586,
        "unitsDiff": -12.729799407820337
      },
      "Blouses": {
        "priceDiff": -282.00565253061995,
        "unitsDiff": -8.640381591836729
      },
      "Scarves": {
        "priceDiff": 218.14276007265676,
        "unitsDiff": -13.278736198385232
      },
      "Hoodies": {
        "priceDiff": -620.9326749321292,
        "unitsDiff": -2.0726649048909564
      },
      "Tank Tops": {
        "priceDiff": -669.2215368016829,
        "unitsDiff": 11.042737568576953
      },
      "T-Shirts": {
        "priceDiff": -664.9610690511269,
        "unitsDiff": 18.919680268370612
      },
      "Polo Shirts": {
        "priceDiff": -595.7066882043516,
        "unitsDiff": -11.021185023135573
      },
      "Yoga Pants": {
        "priceDiff": -625.0360399040117,
        "unitsDiff": -2.795880397460806
      },
      "Sunglasses": {
        "priceDiff": 7.493772523632515,
        "unitsDiff": -21.47679233558509
      },
      "Leggings": {
        "priceDiff": -636.7201212324777,
        "unitsDiff": 3.7691413324818086
      },
      "Boyfriend Jeans": {
        "priceDiff": -626.4053748131786,
        "unitsDiff": 9.30912441653905
      },
      "Blazers": {
        "priceDiff": 1116.299874714383,
        "unitsDiff": -14.689148477479613
      },
      "Sports Bras": {
        "priceDiff": -653.7838063984663,
        "unitsDiff": 3.6653942724935717
      },
      "Wide Leg Jeans": {
        "priceDiff": -616.1889630115397,
        "unitsDiff": 14.596021926969897
      },
      "Heels": {
        "priceDiff": 979.5063044304321,
        "unitsDiff": -5.476964410158118
      },
      "Athletic Shorts": {
        "priceDiff": -658.3301210633059,
        "unitsDiff": 6.005913263258847
      },
      "Wallets": {
        "priceDiff": 522.6332818958932,
        "unitsDiff": -31.493589776467118
      },
      "Casual Shirts": {
        "priceDiff": -641.3816684024727,
        "unitsDiff": 10.687897281314179
      },
      "Loafers": {
        "priceDiff": -52.82140681585918,
        "unitsDiff": -17.85526724934053
      },
      "Pullovers": {
        "priceDiff": -441.78804708519056,
        "unitsDiff": -5.841562992093856
      },
      "Crop Tops": {
        "priceDiff": -670.1868704241462,
        "unitsDiff": 17.81258591201744
      }
    },
    "brandWeights": {
      "H&M": {
        "priceDiff": -569.0635225728777,
        "unitsDiff": 23.7964579049096
      },
      "Ralph Lauren": {
        "priceDiff": -161.31667938192902,
        "unitsDiff": -29.13634345103177
      },
      "New Era": {
        "priceDiff": -623.8723378876167,
        "unitsDiff": -3.7022389356388032
      },
      "Puma": {
        "priceDiff": -637.2192502899859,
        "unitsDiff": -1.0288364000823123
      },
      "Cole Haan": {
        "priceDiff": -163.22778878036547,
        "unitsDiff": -22.27350273472544
      },
      "Zara": {
        "priceDiff": -509.6415367860046,
        "unitsDiff": 28.626439278231288
      },
      "Gap": {
        "priceDiff": -631.1190884505453,
        "unitsDiff": -7.356269863199543
      },
      "Calvin Klein": {
        "priceDiff": -272.53812878629384,
        "unitsDiff": -24.437153306424
      },
      "Forever 21": {
        "priceDiff": -663.2779924155149,
        "unitsDiff": 7.583677245479109
      },
      "Hugo Boss": {
        "priceDiff": -68.17503433334127,
        "unitsDiff": -29.971443018998272
      },
      "Gucci": {
        "priceDiff": 2461.15930794671,
        "unitsDiff": -52.82063898657991
      },
      "Michael Kors": {
        "priceDiff": 3583.482055931845,